"jappavoo@cs.bu.edu","jappavoo@cs.bu.edu","best@cs.bu.edu","best@cs.bu.edu","betke@cs.bu.edu","betke@cs.bu.edu","byers@cs.bu.edu","byers@cs.bu.edu","canetti@cs.bu.edu","canetti@cs.bu.edu","crovella@cs.bu.edu","crovella@cs.bu.edu","gacs@cs.bu.edu","gacs@cs.bu.edu","goldbe@cs.bu.edu","goldbe@cs.bu.edu","homer@cs.bu.edu","homer@cs.bu.edu","kfoury@cs.bu.edu","kfoury@cs.bu.edu","gkollios@cs.bu.edu","gkollios@cs.bu.edu","lnd@cs.bu.edu","lnd@cs.bu.edu","matta@cs.bu.edu","matta@cs.bu.edu","reyzin@cs.bu.edu","reyzin@cs.bu.edu","sclaroff@cs.bu.edu","sclaroff@cs.bu.edu","snyder@cs.bu.edu","snyder@cs.bu.edu","evimaria@cs.bu.edu","evimaria@cs.bu.edu","richwest@cs.bu.edu","richwest@cs.bu.edu","hwxi@cs.bu.edu","hwxi@cs.bu.edu","gbenson@bu.edu","gbenson@bu.edu","mike@cns.bu.edu","mike@cns.bu.edu","kasif@bu.edu","kasif@bu.edu","jkeklak@bu.edu","jkeklak@bu.edu","azs@bu.edu","azs@bu.edu","dgs@cs.bu.edu","dgs@cs.bu.edu","nikos@cs.bu.edu","nikos@cs.bu.edu","sworst@cs.bu.edu","sworst@bu.edu","zlateva@bu.edu","zlateva@bu.edu","csadmin@cs.bu.edu","csadmin@cs.bu.edu","tsull@bu.edu","tsull@cs.bu.edu","jenn4@cs.bu.edu","jenn4@cs.bu.edu","conroynm@bu.edu","conroynm@bu.edu","paulds@bu.edu","paulds@bu.edu","jszep@bu.edu","jszep@bu.edu","sozanski@bu.edu","sozanski@bu.edu","zabram@bu.edu","zabram@cs.bu.edu","nabeel@bu.edu","nabeel@bu.edu","artashes@bu.edu","artashes@bu.edu","bahargam@bu.edu","bahargam@cs.bu.edu","qinxun@cs.bu.edu","qinxun@cs.bu.edu","sbargal@bu.edu","sbargal@bu.edu","wdblair@bu.edu","wdblair@bu.edu","breslav@cs.bu.edu","breslav@cs.bu.edu","jmcadden@bu.edu","jmcadden@bu.edu","fcakir@bu.edu","fcakir@cs.bu.edu","harshal@bu.edu","harshal@bu.edu","chenyl@bu.edu","chenyl@bu.edu","czq@bu.edu","czq@bu.edu","comarela@bu.edu","comarela@bu.edu","md@cs.bu.edu","md@cs.bu.edu","isd@bu.edu","isd@cs.bu.edu","samepst@cs.bu.edu","samepst@cs.bu.edu","edori@cs.bu.edu","edori@cs.bu.edu","flavio@cs.bu.edu","flavio@cs.bu.edu","wenxinf@bu.edu","wenxinf@bu.edu","jeffreyf@cs.bu.edu","jeffreyf@cs.bu.edu","bfuller@bu.edu","bfuller@bu.edu","nwfuller@bu.edu","nwfuller@bu.edu","ghasemi@cs.bu.edu","ghasemi@cs.bu.edu","20behzad@cs.bu.edu","behzad@cs.bu.edu","20dgurari@cs.bu.edu","dgurari@cs.bu.edu","goncag@cs.bu.edu","goncag@cs.bu.ed","hekun@cs.bu.edu","hekun@cs.bu.edu","visahak@cs.bu.edu","visahak@cs.bu.edu","ajjendj@bu.edu","ajjendj@bu.edu","kazdagli@bu.edu","kazdagli@bu.edu","liye@cs.bu.edu","liye@cs.bu.edu","liulk@cs.bu.edu","liulk@cs.bu.edu","rlychev@bu.edu","rlychev@bu.edu","shugaoma@bu.edu","shugaoma@cs.bu.edu","michel@bu.edu","michel@bu.edu","cmav@bu.edu","cmav@cs.bu.edu","xmeng@bu.edu","xmeng@bu.edu","missimer@bu.edu","smirzaei@bu.edu","smirzaei@cs.bu.edu","gm@bu.edu","gm@bu.edu","missimer@bu.edu","missimer@bu.edu","cbassem@bu.edu","cbassem@bu.edu","orakcal@bu.edu","orakcal@bu.edu","paneth@bu.edu","paneth@cs.bu.edu","dipapado@bu.edu","dipapado@cs.bu.edu","dproserp@bu.edu","dproserp@cs.bu.edu","vinita@cs.bu.edu","aren@cs.bu.edu","markreyn@cs.bu.edu","markreyn@cs.bu.edu","inki@bu.edu","inki@bu.edu","natalir@bu.edu","natalir@cs.bu.edu","sameki@bu.edu","sameki@bu.edu","dschatz@bu.edu","dschatz@bu.edu","zcshen@bu.edu","zcshen@bu.edu","rskowyra@cs.bu.edu","rskowyra@cs.bu.edu","nsoule@bu.edu","nsoule@bu.edu","lspinell@bu.edu","lspinell@cs.bu.edu","remos@cs.bu.edu","remos@cs.bu.edu","remos@cs.bu.edu","tvashwin@cs.bu.edu","tvashwin@cs.bu.edu","deht@cs.bu.edu","deht@cs.bu.edu","sachinv@bu.edu","sachinv@bu.edu","mwalk79@bu.edu","mwalk79@bu.edu","wangch@cs.bu.edu","wangch@cs.bu.edu","wyf@cs.bu.edu","wyf@cs.bu.edu","hwwu@bu.edu","hwwu@bu.edu","wuzheng@cs.bu.edu","wuzheng@cs.bu.edu","20yingy@bu.edu","yingy@cs.bu.edu","jmzhang@bu.edu","jmzhang@cs.bu.edu","kzhao@bu.edu","kzhao@bu.edu","zhu@bu.edu","zhu@bu.edu","abarbs@bu.edu","abarbs@bu.edu","msbeard@bu.edu","msbeard@bu.edu","bborucki@bu.edu","bborucki@bu.edu","mingchen@bu.edu","mingchen@bu.edu","tscui@bu.edu","tscui@bu.edu","ndahod@bu.edu","ndahod@bu.edu","gchen@bu.edu","gchen@bu.edu","aakash.harlalka@gmail.com","aakash.harlalka@gmail.com","hcfan1990@126.com","hcfan1990@126.com","lishi@bu.edu","lishi@bu.edu","svetlin@bu.edu","svetlin@bu.edu","mustafak@bu.edu","mustafak@bu.edu","lidongqi@bu.edu","lidongqi@bu.edu","limingli@bu.edu","limingli@bu.edu","liuchang@bu.edu","liuchang@bu.edu","rparmar@bu.edu","rparmar@bu.edu","kpeng@bu.edu","kpeng@bu.edu","fadys@bu.edu","fadys@bu.edu","raks91@bu.edu","raks91@bu.edu","sweek@bu.edu","sweek@bu.edu","ssikdar1@bu.edu","ssikdar1@bu.edu","singh1@bu.edu","singh1@bu.edu","leilaa@bu.edu","leailaa@bu.edu","xytan123@gmail.com","xytan123@gmail.com","kawawang@bu.edu","kawawang@bu.edu","xmengtao@bu.edu","xmengtao@bu.edu","j45890000@bu.edu","j45890000@bu.edu","kawawang@bu.edu","kawawang@bu.edu","jameslu@bu.edu","jameslu@bu.edu","zbq@bu.edu","zbq@bu.edu","cs@bu.edu","cs@bu.edu"
